Item,percent_uk,totalUse,importWorld,importEU,importNonEU,production,percent_EU_imports,exports,deficit_after_brexit,leftAfterBrexit
"Whey, dry",295.6561291789857,21985,23907,23872,35,65e3,99.85359936420295,66919,43050,2.95815328633159
Linseed,211.97213521978617,18518,11286,8975,2311,39253,79.52330320751373,32020,23046,2.244518846527703
"Broad beans, horse beans, dry",178.2336281812539,154656,356,99,257,275649,27.808988764044944,121350,121250,1.7839980343471964
Tallow,175.8048973338934,80942,13500,13436,64,142300,99.52592592592593,74857,61422,1.7588396629685454
"Whey, condensed",162.7150162715016,2151,20,9,11,3500,45,1370,1360,1.6322640632264063
"Meat, horse",152.531328320802,1995,10,10,0,3043,100,1058,1048,1.52531328320802
"Meat, sheep",103.72938465501278,287286,90245,9117,81128,298e3,10.102498753393538,100958,91842,1.319688394143815
"Oil, rapeseed",123.88146010814292,670964,105564,104403,1161,831200,98.90019324769807,265799,161397,1.2405449472698982
"Milk, skimmed dried",118.70599768291596,56105,33797,33795,2,66600,99.99408231499838,44292,10497,1.1870956242759112
Cream fresh,117.93148180906894,33918,27346,27345,1,4e4,99.9963431580487,33429,6083,1.1793443009611415
Barley,117.68566399252916,5872423,91914,91888,26,6911e3,99.97171268794743,1130490,1038603,1.176861067399266
Rapeseed,113.18246179318368,2173107,84165,74201,9964,2459576,88.16134972969762,370632,296433,1.136409758010075
"Peas, dry",96.5280082048807,132604,35371,13561,21810,128e3,38.33931752000226,30765,17206,1.1297547585291545
"Meat, turkey",106.20037293619333,161958,31833,29723,2110,172e3,93.37165834197216,41874,12152,1.075031798367478
Oats,104.65653521820649,783501,29341,29335,6,819985,99.97955079922292,65824,36490,1.0465730101174089
"Milk, whole fresh cow",103.10141383893627,14597278,148598,148594,4,1505e4,99.99730817373047,601319,452726,1.031014412413054
Hops,27.17161016949153,1888,2484,1060,1424,513,42.673107890499196,1110,49,1.0259533898305084
"Peas, green",95.41996050360864,168623,12620,669,11951,160900,5.301109350237717,4896,4228,1.0250736850844784
"Meat, nes",101.18421052631578,2280,574,558,16,2307,97.21254355400697,602,43,1.018859649122807
Carrots and turnips,101.22212759108619,745585,23806,19194,4612,754697,80.62673275644795,32919,13724,1.0184070226734712
Potatoes,100.57621613252034,5877135,237363,184571,52792,5911e3,77.75895990529274,271228,86657,1.01474476934765
Triticale,99.96795192789185,49925,27,27,0,49909,100,11,-16,0.9996795192789184
Sugar beet,99.85384443200054,9323627,14366,14363,3,931e4,99.97911736043436,738,-13624,0.9985387660831991
"Meat, cattle",99.53930440526685,881059,50813,50587,226,877e3,99.5552319288371,46751,-3833,0.9956495535486273
"Milk, skimmed cow",99.4960186941903,3276312,31803,31803,0,3259800,100,15290,-16512,0.994960186941903
Rye,98.93628318584071,56500,686,686,0,55899,100,86,-601,0.9893628318584071
Wheat,96.1081431900594,17278462,1815286,1360079,455207,16606009,74.92367593866751,1142833,-217246,0.9874267744432346
Flax fibre and tow,97.56002847712122,15451,389,389,0,15074,100,12,-377,0.9756002847712122
"Meat, game",75.24937655860349,6416,3413,1991,1422,4828,58.3357749780252,1825,-166,0.9741271820448878
"Eggs, hen, in shell",97.0136903437138,700932,36270,36058,212,68e4,99.41549489936587,15340,-20720,0.9704393578835037
"Meat, chicken",95.54585372738157,1509223,339985,317949,22036,1442e3,93.5185375825404,272759,-45187,0.9700594279307961
Sugar Raw Centrifugal,65.04125055645153,2221667,928400,253599,674801,1445e3,27.31570443774235,151733,-101866,0.9541488440886956
"Margarine, short",95.03114587860351,345150,37112,37064,48,328e3,99.87066178055616,19962,-17102,0.9504505287556135
Beer of barley,92.675166613548555,4446067,868843,796392,72451,4120400,91.66120921731545,543170,-253216,0.9430471920463637
Currants,92.44321490972627,13736,1049,1049,0,12698,100,10,-1038,0.9244321490972627
"Honey, natural",20.586879705023815,45563,38436,5904,32532,9380,15.360599438026851,2252,-3651,0.9198691921076312
Molasses,38.62708310341022,906100,571677,88260,483417,35e4,15.438787986922687,40471,-72683,0.9197847919655667
Asparagus,29.915810133774084,19361,13932,1947,11985,5792,13.975021533161069,363,-1584,0.9181860441092918
"Meat, pig",91.33686262639519,944854,218094,218020,74,863e3,99.96606967637808,136239,-81780,0.9134469452423337
"Oil, maize",90.55178791615289,25952,2807,2756,51,23500,98.18311364446028,354,-2401,0.907483045622688
"Beans, green",29.46809155370599,49501,35679,5927,29752,14587,16.612012668516492,765,-5162,0.8957192783984161
Cabbages and other brassicas,86.6827167527368,326478,49414,47625,1789,283e3,96.37956854332779,5934,-41689,0.8723068629432917
"Vegetables, fresh nes",86.10403094978109,671281,112775,110150,2625,578e3,97.67235646198182,19492,-90656,0.8649507434293537
"Meat, goose and guinea fowl",84.90066225165563,2265,399,399,0,1923,100,56,-342,0.8490066225165563
"Eggs, other bird, in shell",84.44044134204009,17764,2946,2898,48,15e3,98.37067209775967,182,-2716,0.847106507543346
"Onions, shallots, green",84.12397603619024,16358,2684,2633,51,13761,98.09985096870342,86,-2546,0.8443575009169825
"Butter, cow milk",73.39091697588364,194847,102609,90740,11869,143e3,88.43278854681364,50761,-39978,0.7948236308488198
"Meat, duck",79.19863807949471,40531,12395,12395,0,32100,100,3964,-8431,0.7919863807949471
"Milk, whole evaporated",78.20873041160965,34523,19229,19229,0,27e3,100,11705,-7523,0.7820873041160965
"Oil, palm kernel",0,33611,33754,7566,26188,0,22.415121170824197,143,-7423,0.7791496831394484
"Leeks, other alliaceous vegetables",75.43554006968641,47068,12163,11770,393,35506,96.76888925429581,598,-11169,0.7627050225206085
Strawberries,69.12392667280155,151049,47399,41546,5853,104411,87.65163822021562,760,-40785,0.729988281948242
Grapes,0.20540896885501586,248772,253452,77835,175617,511,30.709956914918802,5190,-72644,0.7079896451369125
Apples,51.729690022954046,872613,437087,275464,161623,451400,63.022693422590926,15871,-259590,0.7025141729495206
"Onions, dry",53.41728957472682,699809,330548,272024,58524,373819,82.29485581519175,4556,-267466,0.6178014286755387
"Cheese, whole cow milk",58.4185389095966,701832,407709,395456,12253,41e4,96.99467021821937,115877,-279579,0.6016439831754608
Lard,59.07437111224131,25561,12103,12103,0,15100,100,1641,-10461,0.5907437111224131
"Oil, soybean",49.28547487735763,262552,152436,131249,21187,129400,86.10105224487654,19284,-111965,0.5735511441543009
Cauliflowers and broccoli,54.871976755289396,293228,137826,134499,3327,160900,97.58608680510208,5498,-129001,0.5600658872958926
Wine,0.03319018601342133,1280499,1390879,762312,628567,425,54.80793081209796,110805,-651507,0.49120850543420963
Mushrooms and truffles,45.14979009395794,210094,115486,115448,38,94857,99.96709557868486,248,-115199,0.4516787723590393
"Oil, coconut (copra)",0,25192,25589,14515,11074,0,56.72359216850991,397,-14118,0.4395839949190219
Lettuce and chicory,42.72168385953944,316701,186036,185751,285,135300,99.84680384441721,4633,-181116,0.4281167410270255
Plums and sloes,16.598077607689568,70225,59547,41537,18010,11656,69.75498345844458,978,-40559,0.4224421502313991
Cherries,17.861939296266453,22338,18515,13140,5375,3990,70.96948420199838,166,-12973,0.4192407556629958
Tomatoes,20.061467521807934,490991,395512,349861,45651,98500,88.45774590910011,3022,-346840,0.2935919395671204
Cucumbers and gherkins,28.412662492771112,198855,142578,141092,1486,56500,98.95776346982002,221,-140869,0.29159940660280104
"Oil, linseed",24.62121212121212,26400,20541,19858,683,6500,96.67494279733216,640,-19217,0.27208333333333334
Pears,13.733960241564866,188438,163867,141290,22577,25880,86.22236325800802,1308,-139981,0.25715089313195855
"Oil, sunflower",0,290877,298158,224025,74133,0,75.13633710985451,7283,-216744,0.2548603017770398
"Chillies and peppers, green",11.262599141761433,210431,188943,173898,15045,23700,92.03728108477159,2211,-171686,0.18412211128588468
"Milk, whole dried",-873.2777023093342,-5153,30254,30252,2,45e3,99.9933893038937,80406,50155,-8.733165146516592
Alfalfa meal and pellets,NA,NA,22873,20471,2402,NA,89.49853539107244,1065,NA,NA
Almonds shelled,NA,NA,17364,6225,11139,NA,35.85003455425017,4289,NA,NA
"Anise, badian, fennel, coriander",NA,NA,11975,1850,10125,NA,15.44885177453027,936,NA,NA
Apricots,NA,NA,9666,8312,1354,NA,85.99213738878544,107,NA,NA
"Apricots, dry",NA,NA,8564,1067,7497,NA,12.459131247080803,375,NA,NA
Artichokes,NA,NA,642,629,13,NA,97.97507788161994,10,NA,NA
Avocados,NA,NA,51557,14801,36756,NA,28.70803188703765,935,NA,NA
Bacon and ham,NA,NA,249567,249567,0,NA,100,12709,NA,NA
Bambara beans,NA,NA,27,27,0,NA,100,0,NA,NA
Bananas,NA,NA,1116478,117152,999326,NA,10.492996727208238,14930,NA,NA
"Barley, pearled",NA,NA,11457,11450,7,NA,99.93890198132146,1967,NA,NA
"Beans, dry",NA,NA,120072,3475,116597,NA,2.8940968752082084,43259,NA,NA
Beeswax,NA,NA,703,276,427,NA,39.26031294452347,164,NA,NA
Beet pulp,NA,NA,70248,28259,41989,NA,40.22747978590138,1605,NA,NA
"Beverages, distilled alcoholic",NA,NA,180765,134936,45829,NA,74.64719387049485,993742,NA,NA
"Beverages, non alcoholic",NA,NA,951360,880632,70728,NA,92.56559031281533,734362,NA,NA
Blueberries,NA,NA,4109,3728,381,NA,90.72767096617181,709,NA,NA
"Bran, maize",NA,NA,4991,4847,144,NA,97.11480665197355,22,NA,NA
"Bran, wheat",NA,NA,110053,110052,1,NA,99.99909134689649,10794,NA,NA
"Brazil nuts, shelled",NA,NA,5812,681,5131,NA,11.717136958017894,1399,NA,NA
Bread,NA,NA,16098,14072,2026,NA,87.41458566281526,13339,NA,NA
Buckwheat,NA,NA,1072,636,436,NA,59.32835820895522,28,NA,NA
"Buttermilk, curdled, acidified milk",NA,NA,204372,204369,3,NA,99.99853208854442,11595,NA,NA
"Cake, copra",NA,NA,45,2,43,NA,4.444444444444445,2,NA,NA
"Cake, linseed",NA,NA,2909,1003,1906,NA,34.47920247507735,0,NA,NA
"Cake, palm kernel",NA,NA,444569,7042,437527,NA,1.5840060822954367,6017,NA,NA
"Cake, rapeseed",NA,NA,220646,208296,12350,NA,94.4027990536878,140014,NA,NA
"Cake, soybeans",NA,NA,1847353,713020,1134333,NA,38.596846406723564,34059,NA,NA
"Cake, sunflower",NA,NA,476263,183622,292641,NA,38.554748111862565,19823,NA,NA
Canary seed,NA,NA,7393,7393,0,NA,100,180,NA,NA
"Cashew nuts, shelled",NA,NA,18850,3388,15462,NA,17.973474801061005,1831,NA,NA
"Cashew nuts, with shell",NA,NA,148,34,114,NA,22.972972972972975,194,NA,NA
Cassava dried,NA,NA,4057,399,3658,NA,9.834853339906335,537,NA,NA
"Cereal preparations, nes",NA,NA,10335,8026,2309,NA,77.65844218674407,45375,NA,NA
"Cereals, breakfast",NA,NA,105411,97619,7792,NA,92.60798208915578,145097,NA,NA
"Cheese, processed",NA,NA,49974,49970,4,NA,99.99199583783567,15957,NA,NA
"Cherries, sour",NA,NA,624,622,2,NA,99.67948717948718,14,NA,NA
Chestnut,NA,NA,1539,970,569,NA,63.02794022092267,50,NA,NA
Chick peas,NA,NA,40319,9102,31217,NA,22.57496465686153,1916,NA,NA
"Chillies and peppers, dry",NA,NA,9033,4181,4852,NA,46.285840805933795,835,NA,NA
Chocolate products nes,NA,NA,376516,367119,9397,NA,97.5042229281093,146697,NA,NA
Cider etc,NA,NA,166018,163519,2499,NA,98.49474153405052,47527,NA,NA
Cigarettes,NA,NA,7346,7340,6,NA,99.91832289681459,8490,NA,NA
"Cigars, cheroots",NA,NA,311,270,41,NA,86.81672025723472,17,NA,NA
Cinnamon (canella),NA,NA,2481,376,2105,NA,15.155179363160014,139,NA,NA
Cloves,NA,NA,331,103,228,NA,31.1178247734139,89,NA,NA
"Cocoa, beans",NA,NA,60185,561,59624,NA,0.9321259450029077,574,NA,NA
"Cocoa, butter",NA,NA,47084,25575,21509,NA,54.317814968991584,12596,NA,NA
"Cocoa, paste",NA,NA,9223,9120,103,NA,98.88322671581915,685,NA,NA
"Cocoa, powder & cake",NA,NA,16664,16419,245,NA,98.52976476236198,6838,NA,NA
Coconuts,NA,NA,10209,1678,8531,NA,16.436477617788224,720,NA,NA
"Coconuts, desiccated",NA,NA,14858,741,14117,NA,4.987212276214834,1136,NA,NA
"Cocoons, unreelable & waste",NA,NA,107,3,104,NA,2.803738317757009,68,NA,NA
"Coffee, extracts",NA,NA,42161,34569,7592,NA,81.99283698204502,36496,NA,NA
"Coffee, green",NA,NA,151617,6434,145183,NA,4.243587460509046,5633,NA,NA
"Coffee, husks and skins",NA,NA,13,9,4,NA,69.23076923076923,21,NA,NA
"Coffee, roasted",NA,NA,28938,27759,1179,NA,95.92577234086667,20611,NA,NA
"Coffee, substitutes containing coffee",NA,NA,289,118,171,NA,40.830449826989614,177,NA,NA
Copra,NA,NA,50,6,44,NA,12,7,NA,NA
Cotton lint,NA,NA,274,51,223,NA,18.613138686131386,40,NA,NA
Cotton linter,NA,NA,79,0,79,NA,0,45,NA,NA
Cotton waste,NA,NA,5323,3626,1697,NA,68.11948149539732,267,NA,NA
"Cotton, carded, combed",NA,NA,13888,7780,6108,NA,56.019585253456214,15,NA,NA
Cottonseed,NA,NA,9,9,0,NA,100,10,NA,NA
Cranberries,NA,NA,16482,3721,12761,NA,22.57614367188448,197,NA,NA
Dates,NA,NA,19680,1517,18163,NA,7.708333333333334,1127,NA,NA
"Dregs from brewing, distillation",NA,NA,342864,156987,185877,NA,45.78695926081478,55357,NA,NA
Eggplants (aubergines),NA,NA,19805,18354,1451,NA,92.67356728098964,72,NA,NA
"Eggs, dried",NA,NA,6249,6249,0,NA,100,230,NA,NA
"Eggs, liquid",NA,NA,33650,33649,1,NA,99.99702823179793,4383,NA,NA
"Fat, cattle",NA,NA,2836,692,2144,NA,24.400564174894217,5421,NA,NA
"Fat, liver prepared (foie gras)",NA,NA,55,55,0,NA,100,0,NA,NA
"Fat, nes, prepared",NA,NA,89639,88616,1023,NA,98.85875567554301,13443,NA,NA
"Fat, pigs",NA,NA,4763,4763,0,NA,100,12886,NA,NA
Fatty acids,NA,NA,146160,70909,75251,NA,48.51464148877942,17870,NA,NA
Fatty substance residues,NA,NA,230,230,0,NA,100,1122,NA,NA
"Feed and meal, gluten",NA,NA,69947,69827,120,NA,99.82844153430455,21016,NA,NA
"Feed, pulp of fruit",NA,NA,2304,2050,254,NA,88.97569444444444,3469,NA,NA
"Feed, vegetable products nes",NA,NA,603237,50535,552702,NA,8.377304442532536,50755,NA,NA
Figs,NA,NA,3236,972,2264,NA,30.03708281829419,90,NA,NA
Figs dried,NA,NA,3451,1586,1865,NA,45.95769342219646,285,NA,NA
"Flour, maize",NA,NA,31802,29155,2647,NA,91.67662411169108,1250,NA,NA
"Flour, mixed grain",NA,NA,2938,1227,1711,NA,41.76310415248468,9181,NA,NA
"Flour, mustard",NA,NA,9117,4307,4810,NA,47.241417132828786,2776,NA,NA
"Flour, potatoes",NA,NA,36723,35359,1364,NA,96.28570650545979,2234,NA,NA
"Flour, pulses",NA,NA,2399,101,2298,NA,4.210087536473531,1378,NA,NA
"Flour, wheat",NA,NA,90479,82072,8407,NA,90.7083411620376,222687,NA,NA
Fonio,NA,NA,120,120,0,NA,100,5,NA,NA
Food prep nes,NA,NA,1104839,916610,188229,NA,82.9632190753585,386069,NA,NA
"Food preparations, flour, malt extract",NA,NA,64987,60763,4224,NA,93.5002385092403,58795,NA,NA
Food wastes,NA,NA,714354,491282,223072,NA,68.77290531025234,398886,NA,NA
Forage products,NA,NA,7932,1791,6141,NA,22.57942511346445,471,NA,NA
"Fructose and syrup, other",NA,NA,3362,2835,527,NA,84.32480666270077,95,NA,NA
"Fruit, cooked, homogenized preparations",NA,NA,8161,7504,657,NA,91.94951599068742,1936,NA,NA
"Fruit, dried nes",NA,NA,33543,27536,6007,NA,82.09164356199506,3446,NA,NA
"Fruit, fresh nes",NA,NA,16810,8134,8676,NA,48.38786436644854,438,NA,NA
"Fruit, prepared nes",NA,NA,283777,172993,110784,NA,60.96089535092696,22269,NA,NA
Garlic,NA,NA,21841,14537,7304,NA,66.55830776979076,3020,NA,NA
"Germ, maize",NA,NA,81,64,17,NA,79.01234567901234,347,NA,NA
Ginger,NA,NA,19465,1353,18112,NA,6.950937580272283,869,NA,NA
Glucose and dextrose,NA,NA,345839,345236,603,NA,99.82564141117687,22155,NA,NA
Grapefruit (inc. pomelos),NA,NA,32541,8647,23894,NA,26.572631449555946,1971,NA,NA
Grease incl. lanolin wool,NA,NA,2811,587,2224,NA,20.88224831020989,5147,NA,NA
"Groundnuts, shelled",NA,NA,78194,4263,73931,NA,5.451824948205744,519,NA,NA
"Hair, fine",NA,NA,344,1,343,NA,0.29069767441860467,119,NA,NA
"Hazelnuts, shelled",NA,NA,2135,579,1556,NA,27.11943793911007,448,NA,NA
"Hides, cattle, wet salted",NA,NA,27159,26868,291,NA,98.92853197834972,64122,NA,NA
"Hides, nes",NA,NA,2,0,2,NA,0,2,NA,NA
Ice cream and edible ice,NA,NA,107698,107248,450,NA,99.58216494271016,53732,NA,NA
Infant food,NA,NA,107510,107222,288,NA,99.73211794251698,5584,NA,NA
"Juice, citrus, concentrated",NA,NA,6383,4340,2043,NA,67.99310668964436,781,NA,NA
"Juice, citrus, single strength",NA,NA,9033,8423,610,NA,93.24698328351599,598,NA,NA
"Juice, fruit nes",NA,NA,149160,140298,8862,NA,94.05872888173774,19602,NA,NA
"Juice, grape",NA,NA,18204,16819,1385,NA,92.39178202592836,474,NA,NA
"Juice, grapefruit",NA,NA,3267,3265,2,NA,99.93878175696358,20,NA,NA
"Juice, grapefruit, concentrated",NA,NA,17386,16774,612,NA,96.479926377545155,322,NA,NA
"Juice, orange, concentrated",NA,NA,283389,268675,14714,NA,94.80784363542692,11313,NA,NA
"Juice, orange, single strength",NA,NA,108752,107545,1207,NA,98.89013535383258,31289,NA,NA
"Juice, pineapple",NA,NA,15479,13230,2249,NA,85.47063763809032,236,NA,NA
"Juice, pineapple, concentrated",NA,NA,9837,5958,3879,NA,60.5672461116194,71,NA,NA
"Juice, tomato",NA,NA,25466,25156,310,NA,98.782690646352,229,NA,NA
Jute,NA,NA,2098,3,2095,NA,0.14299332697807435,51,NA,NA
Kiwi fruit,NA,NA,30049,23905,6144,NA,79.5533961196712,368,NA,NA
Kola nuts,NA,NA,0,0,0,NA,NaN,1,NA,NA
Lactose,NA,NA,12652,12239,413,NA,96.73569396142902,27103,NA,NA
Lemons and limes,NA,NA,113741,70693,43048,NA,62.152609876825416,1329,NA,NA
Lentils,NA,NA,22716,942,21774,NA,4.146856840993133,2360,NA,NA
Macaroni,NA,NA,136218,130056,6162,NA,95.47636876183763,4597,NA,NA
Maize,NA,NA,2177225,1191890,985335,NA,54.743538219522556,125947,NA,NA
"Maize, green",NA,NA,83297,44897,38400,NA,53.89990035655546,2400,NA,NA
Malt,NA,NA,56670,56626,44,NA,99.92235750838186,200817,NA,NA
"Mangoes, mangosteens, guavas",NA,NA,58258,11199,47059,NA,19.223110989048713,939,NA,NA
Maple sugar and syrups,NA,NA,3702,760,2942,NA,20.529443544030254,918,NA,NA
"Meal, meat",NA,NA,21423,21136,287,NA,98.66031834943753,268070,NA,NA
"Meat, beef, preparations",NA,NA,76254,44683,31571,NA,58.59758176620243,7647,NA,NA
"Meat, cattle, boneless (beef & veal)",NA,NA,186802,159388,27414,NA,85.32456825944048,63491,NA,NA
"Meat, chicken, canned",NA,NA,297427,129336,168091,NA,43.48495597238987,46503,NA,NA
"Meat, dried nes",NA,NA,56738,7848,48890,NA,13.831999718002045,4625,NA,NA
"Meat, goat",NA,NA,349,263,86,NA,75.35816618911176,322,NA,NA
"Meat, pig sausages",NA,NA,104262,103633,629,NA,99.39671212905948,9280,NA,NA
"Meat, pig, preparations",NA,NA,133656,133656,0,NA,100,13221,NA,NA
"Meat, pork",NA,NA,119627,118703,924,NA,99.22759912059986,51073,NA,NA
"Meat, rabbit",NA,NA,200,200,0,NA,100,5,NA,NA
"Melons, other (inc.cantaloupes)",NA,NA,144617,60733,83884,NA,41.995754302744494,2254,NA,NA
"Milk, products of natural constituents nes",NA,NA,2197,2197,0,NA,100,2060,NA,NA
"Milk, whole condensed",NA,NA,18103,18103,0,NA,100,3465,NA,NA
Millet,NA,NA,16489,5855,10634,NA,35.50852083206986,31,NA,NA
Mixes and doughs,NA,NA,66328,58227,8101,NA,87.78645519237728,71532,NA,NA
"Mushrooms, canned",NA,NA,5852,3972,1880,NA,67.87423103212576,71,NA,NA
Mustard seed,NA,NA,2593,1347,1246,NA,51.947551099113,126,NA,NA
"Nutmeg, mace and cardamoms",NA,NA,1344,505,839,NA,37.57440476190476,211,NA,NA
"Nuts, nes",NA,NA,5916,1533,4383,NA,25.912778904665313,821,NA,NA
"Nuts, prepared (exc. groundnuts)",NA,NA,16626,9712,6914,NA,58.41453145675448,2003,NA,NA
Oats rolled,NA,NA,5724,4297,1427,NA,75.06988120195668,72240,NA,NA
"Offals, edible, cattle",NA,NA,16072,15984,88,NA,99.45246391239422,43591,NA,NA
"Offals, liver chicken",NA,NA,2219,2219,0,NA,100,24895,NA,NA
"Offals, liver duck",NA,NA,96,96,0,NA,100,964,NA,NA
"Offals, pigs, edible",NA,NA,9780,9780,0,NA,100,38335,NA,NA
"Offals, sheep,edible",NA,NA,9811,270,9541,NA,2.752013046580369,2957,NA,NA
"Oil, boiled etc",NA,NA,181573,138617,42956,NA,76.34229758829782,48016,NA,NA
"Oil, castor beans",NA,NA,8120,812,7308,NA,10,634,NA,NA
"Oil, cottonseed",NA,NA,78,73,5,NA,93.58974358974359,13,NA,NA
"Oil, essential nes",NA,NA,14202,5139,9063,NA,36.1850443599493,8661,NA,NA
"Oil, groundnut",NA,NA,2306,2260,46,NA,98.00520381613183,136,NA,NA
"Oil, olive residues",NA,NA,3164,3134,30,NA,99.05183312262959,184,NA,NA
"Oil, olive, virgin",NA,NA,63223,62835,388,NA,99.38629928981541,2271,NA,NA
"Oil, palm",NA,NA,391234,62065,329169,NA,15.863907533598818,20838,NA,NA
"Oil, safflower",NA,NA,224,153,71,NA,68.30357142857143,3,NA,NA
"Oil, sesame",NA,NA,3127,474,2653,NA,15.158298688839142,685,NA,NA
"Oil, vegetable origin nes",NA,NA,10863,7579,3284,NA,69.76894044002577,9285,NA,NA
"Oils, fats of animal nes",NA,NA,1182,1158,24,NA,97.96954314720813,979,NA,NA
Oilseeds nes,NA,NA,23387,1384,22003,NA,5.917817590969341,630,NA,NA
Olives,NA,NA,641,641,0,NA,100,80,NA,NA
Olives preserved,NA,NA,40475,34701,5774,NA,85.73440395305745,980,NA,NA
Oranges,NA,NA,274692,120590,154102,NA,43.90007717734772,27629,NA,NA
Papayas,NA,NA,6185,384,5801,NA,6.208569118835893,110,NA,NA
Pastry,NA,NA,728814,675431,53383,NA,92.67536024280544,328784,NA,NA
Peaches and nectarines,NA,NA,85369,77448,7921,NA,90.72145626632619,912,NA,NA
Peanut butter,NA,NA,6400,4753,1647,NA,74.265625,3557,NA,NA
Pepper (piper spp.),NA,NA,10939,3970,6969,NA,36.29216564585428,786,NA,NA
Persimmons,NA,NA,6170,4934,1236,NA,79.967585089141,17,NA,NA
Pet food,NA,NA,356915,337814,19101,NA,94.6483056189849,215811,NA,NA
Pineapples,NA,NA,143748,16755,126993,NA,11.655814341764755,4880,NA,NA
Pineapples canned,NA,NA,35293,3068,32225,NA,8.692941943161534,935,NA,NA
Pistachios,NA,NA,4131,2586,1545,NA,62.5998547567175,164,NA,NA
Plantains and others,NA,NA,26024,4782,21242,NA,18.3753458346142,3279,NA,NA
Plums dried (prunes),NA,NA,7877,1564,6313,NA,19.855274850831535,523,NA,NA
Poppy seed,NA,NA,1915,935,980,NA,48.825065274151434,791,NA,NA
"Potatoes, frozen",NA,NA,559173,558685,488,NA,99.91272826120003,38727,NA,NA
"Pumpkins, squash and gourds",NA,NA,86146,66818,19328,NA,77.56367097717828,1592,NA,NA
Quinces,NA,NA,587,366,221,NA,62.35093696763203,0,NA,NA
Raisins,NA,NA,111555,12004,99551,NA,10.760611357626283,2735,NA,NA
Rice - total  (Rice milled equivalent),NA,NA,636778,251791,384987,NA,39.54141003615075,45319,NA,NA
"Roots and tubers, nes",NA,NA,6744,535,6209,NA,7.932977461447212,110,NA,NA
Rubber natural dry,NA,NA,35334,7042,28292,NA,19.929812645044436,9696,NA,NA
"Rubber, natural",NA,NA,45645,722,44923,NA,1.5817723737539708,764,NA,NA
Sesame seed,NA,NA,7325,532,6793,NA,7.262798634812287,489,NA,NA
Silk raw,NA,NA,17,1,16,NA,5.88235294117647,138,NA,NA
"Silk-worm cocoons, reelable",NA,NA,5,1,4,NA,20,18,NA,NA
"Skins, sheep, dry salted",NA,NA,1064,0,1064,NA,0,9176,NA,NA
"Skins, sheep, with wool",NA,NA,123,117,6,NA,95.1219512195122,60057,NA,NA
Sorghum,NA,NA,11924,11258,666,NA,94.41462596444147,733,NA,NA
Soya sauce,NA,NA,18446,6735,11711,NA,36.511980917272034,4130,NA,NA
Soybeans,NA,NA,824212,23280,800932,NA,2.8245160225767156,1525,NA,NA
"Spices, nes",NA,NA,20506,7093,13413,NA,34.58987613381449,5969,NA,NA
Spinach,NA,NA,12246,12161,85,NA,99.30589580271109,248,NA,NA
"Starch, cassava",NA,NA,5266,1612,3654,NA,30.611469806304598,198,NA,NA
Straw husks,NA,NA,5661,4978,683,NA,87.93499381734676,11608,NA,NA
Sugar confectionery,NA,NA,175552,149706,25846,NA,85.27729675537732,60141,NA,NA
Sugar refined,NA,NA,291813,236984,54829,NA,81.2109124679161,184988,NA,NA
"Sugar, nes",NA,NA,53370,52337,1033,NA,98.06445568671538,16088,NA,NA
Sunflower seed,NA,NA,32616,28429,4187,NA,87.16274221241108,614,NA,NA
Sweet corn frozen,NA,NA,47347,46479,868,NA,98.1667265085433,603,NA,NA
Sweet corn prep or preserved,NA,NA,55951,40068,15883,NA,71.61266107844364,1508,NA,NA
Sweet potatoes,NA,NA,81283,7481,73802,NA,9.203646518952302,4129,NA,NA
"Tangerines, mandarins, clementines, satsumas",NA,NA,297518,156481,141037,NA,52.59547321506598,2853,NA,NA
Tea,NA,NA,126520,8582,117938,NA,6.7831172937085045,20743,NA,NA
"Tea, mate extracts",NA,NA,2138,1455,683,NA,68.05425631431244,1868,NA,NA
Tobacco products nes,NA,NA,5112,4993,119,NA,97.67214397496087,18715,NA,NA
"Tobacco, unmanufactured",NA,NA,38360,5841,32519,NA,15.22679874869656,170,NA,NA
"Tomatoes, paste",NA,NA,140130,126968,13162,NA,90.60729322771712,649,NA,NA
"Tomatoes, peeled",NA,NA,295005,291409,3596,NA,98.78103760953204,3349,NA,NA
Vanilla,NA,NA,265,139,126,NA,52.45283018867924,19,NA,NA
Vegetables in vinegar,NA,NA,88834,41299,47535,NA,46.49008262602157,9895,NA,NA
"Vegetables, dehydrated",NA,NA,27708,12156,15552,NA,43.87180597661325,1362,NA,NA
"Vegetables, fresh or dried products nes",NA,NA,3413,1445,1968,NA,42.338118956929385,186,NA,NA
"Vegetables, frozen",NA,NA,313773,261765,52008,NA,83.4249600826075,31092,NA,NA
"Vegetables, homogenized preparations",NA,NA,3083,2830,253,NA,91.79370742783004,263,NA,NA
"Vegetables, preserved nes",NA,NA,216677,187873,28804,NA,86.70648015248503,89905,NA,NA
"Vegetables, preserved, frozen",NA,NA,24203,20267,3936,NA,83.7375531958848,4237,NA,NA
"Vegetables, temporarily preserved",NA,NA,14594,11903,2691,NA,81.56091544470331,751,NA,NA
Vermouths & similar,NA,NA,21375,21138,237,NA,98.89122807017544,195,NA,NA
Wafers,NA,NA,26703,25366,1337,NA,94.99307193948245,16827,NA,NA
"Walnuts, shelled",NA,NA,7294,3607,3687,NA,49.45160405812997,394,NA,NA
"Walnuts, with shell",NA,NA,916,764,152,NA,83.4061135371179,33,NA,NA
Watermelons,NA,NA,90264,66588,23676,NA,73.77027386333422,745,NA,NA
"Waters,ice etc",NA,NA,644410,560917,83493,NA,87.04349715243401,127565,NA,NA
Waxes vegetable,NA,NA,923,121,802,NA,13.109425785482124,123,NA,NA
"Wool, degreased",NA,NA,28544,5534,23010,NA,19.387612107623315,17466,NA,NA
"Wool, hair waste",NA,NA,2132,136,1996,NA,6.378986866791744,3150,NA,NA
"Yoghurt, concentrated or not",NA,NA,119687,118249,1438,NA,98.79853283982388,21582,NA,NA
